Job Title	Company	Location	Category	URL
(USA) Director, Aviation Operations (Midrange Aircraft)	Walmart	Rogers, Argentina	operations_control	https://careers.walmart.com/us/en/jobs/R-2534493
(USA) Corporate Aviation Flight Dispatcher and Planner	Walmart	Rogers, Argentina	operations_control	https://careers.walmart.com/us/en/jobs/R-2547980
Aircraft Mechanic	Cathay Pacific	China	maintenance	https://careers.cathaypacific.com/en/careers/jobs/china/aircraft-mechanic-31260
Aircraft Mechanic	Cathay Pacific	Philippines	maintenance	https://careers.cathaypacific.com/en/careers/jobs/philippines/aircraft-mechanic-31465
Aircraft Mechanic	Cathay Pacific	Canada	maintenance	https://careers.cathaypacific.com/en/careers/jobs/canada/aircraft-mechanic-31391
Aircraft Mechanic	Cathay Pacific	United States	maintenance	https://careers.cathaypacific.com/en/careers/jobs/united-states/aircraft-mechanic-31451
Airport Lead	Cathay Pacific	China	ground_operations	https://careers.cathaypacific.com/en/careers/jobs/china/airport-lead-31320
Airport Manager	Cathay Pacific	China	ground_operations	https://careers.cathaypacific.com/en/careers/jobs/china/airport-manager-31494
Licensed Aircraft Engineer	Cathay Pacific	China	maintenance	https://careers.cathaypacific.com/en/careers/jobs/china/licensed-aircraft-engineer-31230
Licensed Aircraft Engineer	Cathay Pacific	United States	maintenance	https://careers.cathaypacific.com/en/careers/jobs/united-states/licensed-aircraft-engineer-31448
Membership Programme and Operations Manager	Cathay Pacific	China	management	https://careers.cathaypacific.com/en/careers/jobs/china/membership-programme-and-operations-manager-30886
Senior Airport Lead	Cathay Pacific	China	ground_operations	https://careers.cathaypacific.com/en/careers/jobs/china/senior-airport-lead-31240
Senior Maintenance Controller	Cathay Pacific	Hong Kong, Hong Kong	maintenance	https://careers.cathaypacific.com/en/careers/jobs/hong-kong/senior-maintenance-controller-31193
Sustainable Aviation Fuel Procurement and Strategy Manager	Cathay Pacific	Hong Kong, Hong Kong	corporate	https://careers.cathaypacific.com/en/careers/jobs/hong-kong/sustainable-aviation-fuel-procurement-and-strategy-manager-31400
Duty Manager	Malaysia Airlines	Malaysia	operations_control	https://career10.successfactors.com/career?career%5fns=job%5flisting&company=malaysiaaiP&navBarLevel=JOB%5fSEARCH&rcm%5fsite%5flocale=en%5fUS&career_job_req_id=23243&selected_lang=en_GB&jobAlertController_jobAlertId=&jobAlertController_jobAlertName=&browserTimeZone=Asia/Calcutta&_s.crb=0FSLUWtSdHrh0VBP4q6r5qucnjeF%2bPerb2uK6yLO15c%3d
Senior Executive Safety ,Health & Environment	Malaysia Airlines	Malaysia	corporate	https://career10.successfactors.com/career?career%5fns=job%5flisting&company=malaysiaaiP&navBarLevel=JOB%5fSEARCH&rcm%5fsite%5flocale=en%5fUS&career_job_req_id=23247&selected_lang=en_GB&jobAlertController_jobAlertId=&jobAlertController_jobAlertName=&browserTimeZone=Asia/Calcutta&_s.crb=0FSLUWtSdHrh0VBP4q6r5qucnjeF%2bPerb2uK6yLO15c%3d
Head, Shared Services	Malaysia Airlines	Malaysia	management	https://career10.successfactors.com/career?career%5fns=job%5flisting&company=malaysiaaiP&navBarLevel=JOB%5fSEARCH&rcm%5fsite%5flocale=en%5fUS&career_job_req_id=23237&selected_lang=en_GB&jobAlertController_jobAlertId=&jobAlertController_jobAlertName=&browserTimeZone=Asia/Calcutta&_s.crb=0FSLUWtSdHrh0VBP4q6r5qucnjeF%2bPerb2uK6yLO15c%3d
Executive, Inflight Contracts	Malaysia Airlines	Malaysia	corporate	https://career10.successfactors.com/career?career%5fns=job%5flisting&company=malaysiaaiP&navBarLevel=JOB%5fSEARCH&rcm%5fsite%5flocale=en%5fUS&career_job_req_id=23151&selected_lang=en_GB&jobAlertController_jobAlertId=&jobAlertController_jobAlertName=&browserTimeZone=Asia/Calcutta&_s.crb=0FSLUWtSdHrh0VBP4q6r5qucnjeF%2bPerb2uK6yLO15c%3d
Manager, Distribution	Malaysia Airlines	Malaysia	corporate	https://career10.successfactors.com/career?career%5fns=job%5flisting&company=malaysiaaiP&navBarLevel=JOB%5fSEARCH&rcm%5fsite%5flocale=en%5fUS&career_job_req_id=22766&selected_lang=en_GB&jobAlertController_jobAlertId=&jobAlertController_jobAlertName=&browserTimeZone=Asia/Calcutta&_s.crb=0FSLUWtSdHrh0VBP4q6r5qucnjeF%2bPerb2uK6yLO15c%3d
Manager, Crew System Operations	Malaysia Airlines	Malaysia	crew_control	https://career10.successfactors.com/career?career%5fns=job%5flisting&company=malaysiaaiP&navBarLevel=JOB%5fSEARCH&rcm%5fsite%5flocale=en%5fUS&career_job_req_id=23233&selected_lang=en_GB&jobAlertController_jobAlertId=&jobAlertController_jobAlertName=&browserTimeZone=Asia/Calcutta&_s.crb=0FSLUWtSdHrh0VBP4q6r5qucnjeF%2bPerb2uK6yLO15c%3d
Senior Executive, Leadership Management & Development	Malaysia Airlines	Malaysia	corporate	https://career10.successfactors.com/career?career%5fns=job%5flisting&company=malaysiaaiP&navBarLevel=JOB%5fSEARCH&rcm%5fsite%5flocale=en%5fUS&career_job_req_id=23229&selected_lang=en_GB&jobAlertController_jobAlertId=&jobAlertController_jobAlertName=&browserTimeZone=Asia/Calcutta&_s.crb=0FSLUWtSdHrh0VBP4q6r5qucnjeF%2bPerb2uK6yLO15c%3d
Executive, Customer Insights & Engagement	Malaysia Airlines	Malaysia	other	https://career10.successfactors.com/career?career%5fns=job%5flisting&company=malaysiaaiP&navBarLevel=JOB%5fSEARCH&rcm%5fsite%5flocale=en%5fUS&career_job_req_id=23091&selected_lang=en_GB&jobAlertController_jobAlertId=&jobAlertController_jobAlertName=&browserTimeZone=Asia/Calcutta&_s.crb=0FSLUWtSdHrh0VBP4q6r5qucnjeF%2bPerb2uK6yLO15c%3d
Senior Executive, Commercial & Pricing	Malaysia Airlines	Malaysia	corporate	https://career10.successfactors.com/career?career%5fns=job%5flisting&company=malaysiaaiP&navBarLevel=JOB%5fSEARCH&rcm%5fsite%5flocale=en%5fUS&career_job_req_id=23031&selected_lang=en_GB&jobAlertController_jobAlertId=&jobAlertController_jobAlertName=&browserTimeZone=Asia/Calcutta&_s.crb=0FSLUWtSdHrh0VBP4q6r5qucnjeF%2bPerb2uK6yLO15c%3d
Mechanic (Specialized Heavy & Light)	Malaysia Airlines	Malaysia	maintenance	https://career10.successfactors.com/career?career%5fns=job%5flisting&company=malaysiaaiP&navBarLevel=JOB%5fSEARCH&rcm%5fsite%5flocale=en%5fUS&career_job_req_id=23191&selected_lang=en_GB&jobAlertController_jobAlertId=&jobAlertController_jobAlertName=&browserTimeZone=Asia/Calcutta&_s.crb=0FSLUWtSdHrh0VBP4q6r5qucnjeF%2bPerb2uK6yLO15c%3d
Airline Network & Fleet Planning Specialist	Boeing	Facebook, United States	other	https://jobs.boeing.com/job/-/-/185/96531820496?utm_source=linkedin&utm_medium=job_posting&utm_campaign=ra-us
Electronics Technician Maintenance II	Aviation Training Consulting LLC	ATC - A10 Gowen Field	maintenance	https://recruiting.paylocity.com/Recruiting/Jobs/Details/3011920?source=137523
MH-60R Instructor Pilot	Aviation Training Consulting LLC	San Diego, United States	operations_control	https://recruiting.paylocity.com/Recruiting/Jobs/Details/1034950?source=137523
Dispatcher	Aviation Training Consulting LLC	Kuwait City, Kuwait	operations_control	https://recruiting.paylocity.com/Recruiting/Jobs/Details/4273278?source=137523
Instructional Systems Designer	Aviation Training Consulting LLC	Edmond	corporate	https://recruiting.paylocity.com/Recruiting/Jobs/Details/3924923?source=137523
AC-130J Contract Instructor (CI) Pilot	Aviation Training Consulting LLC	Kirtland AFB	operations_control	https://recruiting.paylocity.com/Recruiting/Jobs/Details/2879883?source=137523
C-17/C-5/KC-135/C-130 Subject Matter Expert	Aviation Training Consulting LLC	O'Fallon, Israel	corporate	https://recruiting.paylocity.com/Recruiting/Jobs/Details/1764480?source=137523
CV-22 Academic & Simulator Instructor Pilot	Aviation Training Consulting LLC	Kirtland AFB	operations_control	https://recruiting.paylocity.com/Recruiting/Jobs/Details/2819826?source=137523
HC/MC-130J Instructor Pilot	Aviation Training Consulting LLC	Kirtland AFB	operations_control	https://recruiting.paylocity.com/Recruiting/Jobs/Details/2716071?source=137523
MH-60R Aviation Maintenance Technician Instructor (AT-Type)	Aviation Training Consulting LLC	San Diego, United States	maintenance	https://recruiting.paylocity.com/Recruiting/Jobs/Details/2991198?source=137523
MH-60R Instructor Pilot	Aviation Training Consulting LLC	Kochi, IND	operations_control	https://recruiting.paylocity.com/Recruiting/Jobs/Details/2314126?source=137523
MH-60R Sensor Operator Instructor	Aviation Training Consulting LLC	San Diego, United States	operations_control	https://recruiting.paylocity.com/Recruiting/Jobs/Details/1035856?source=137523
TAC C2/Air Battle Manager SME	Aviation Training Consulting LLC	O'Fallon, Israel	corporate	https://recruiting.paylocity.com/Recruiting/Jobs/Details/1571243?source=137523
Contract Specialist	Aviation Training Consulting LLC	Edmond	corporate	https://recruiting.paylocity.com/Recruiting/Jobs/Details/4187255?source=137523
AC-130J Contract Instructor (CI) Pilot Part-Time	Aviation Training Consulting LLC	ATC-KDAM Kirtland	operations_control	https://recruiting.paylocity.com/Recruiting/Jobs/Details/3652834?source=137523
Administrative Unterstützung im Finanzbereich (m/f/d)	Luminair	Hamburg, Germany	operations_control	https://luminair.jobs.personio.de/job/2269309
Cabin Service Representative Falcon 900LX (m/f/d)	Luminair	Hamburg, Germany	crew_control	https://luminair.jobs.personio.de/job/1895610
CAMO Executive (m/f/d)	Luminair	Hamburg, Germany	maintenance	https://luminair.jobs.personio.de/job/2256143
Captain C680A (m/f/d)	Luminair	Hamburg, Germany	operations_control	https://luminair.jobs.personio.de/job/2544372
Catering Manager (m/f/d)	Luminair	Hamburg, Germany	ground_operations	https://luminair.jobs.personio.de/job/2681894
CREW CARE (m/f/d)	Luminair	Hamburg, Germany	crew_control	https://luminair.jobs.personio.de/job/1889324
Crew Training Assistant (m/f/d)	Luminair	Hamburg, Germany	crew_control	https://luminair.jobs.personio.de/job/2196611
Duty Manager (m/f/d)	Luminair	Hamburg, Germany	operations_control	https://luminair.jobs.personio.de/job/1895463
First Officer (m/f/d) Falcon 7X – rated or non-rated	Luminair	Hamburg, Germany	operations_control	https://luminair.jobs.personio.de/job/2377373
First Officer C560XL/XLS (m/f/d)	Luminair	Remote	operations_control	https://luminair.jobs.personio.de/job/1644863
First Officer C680A (m/f/d)	Luminair	Hamburg, Germany	operations_control	https://luminair.jobs.personio.de/job/2544380
Flightcare Executive (m/f/d)	Luminair	Hamburg, Germany	operations_control	https://luminair.jobs.personio.de/job/2500966
Head of Dispatch (m/f/d)	Luminair	Hamburg, Germany	operations_control	https://luminair.jobs.personio.de/job/2230070
Intern CAMO (m/f/d)	Luminair	Hamburg, Germany	maintenance	https://luminair.jobs.personio.de/job/2656197
Intern Sales & Flightcare	Luminair	Hamburg, Germany	corporate	https://luminair.jobs.personio.de/job/2501322
Assistant FOO	Airfast Indonesia	Tangerang	operations_control	https://www.airfastindonesia.com/careers/1782275153
Flight Operations Officer (Dispatcher)	Airfast Indonesia	Within Indonesia, Indonesia	operations_control	https://www.airfastindonesia.com/careers/1782275003
Technical Record Staff	Airfast Indonesia	Within Indonesia, Indonesia	maintenance	https://www.airfastindonesia.com/careers/1779324939
First Officer (B737-8)	Airfast Indonesia	Within Indonesia, Indonesia	operations_control	https://www.airfastindonesia.com/careers/1777362195
Captain Pilot DHC6 300/400 Amphibious	Airfast Indonesia	Within Indonesia, Indonesia	operations_control	https://www.airfastindonesia.com/careers/1777357350
Bell-412 Helicopter Engineer	Airfast Indonesia	Within Indonesia, Indonesia	maintenance	https://www.airfastindonesia.com/careers/1777357289
Procurement & Export-Import Specialist	Airfast Indonesia	Tangerang	corporate	https://www.airfastindonesia.com/careers/1777357197
Junior Mechanic	Airfast Indonesia	Within Indonesia, Indonesia	maintenance	https://www.airfastindonesia.com/careers/1777357114
Captain Mi 171	Airfast Indonesia	Within Indonesia, Indonesia	operations_control	https://www.airfastindonesia.com/careers/1777357039
Captain Pilot Bell 412 (B-412)	Airfast Indonesia	Within Indonesia, Indonesia	operations_control	https://www.airfastindonesia.com/careers/1777356963
Crew Control Agent (Seasonal)	Volotea	Barcelona, Spain	crew_control	https://volotea.teamtailor.com/jobs/7939673-crew-control-agent-seasonal
CAMO	Volotea	Barcelona, Spain	maintenance	https://volotea.teamtailor.com/jobs/7910655-camo
B1 Licensed Aircraft Engineer – Bilbao	Volotea	Bilbao, Spain	maintenance	https://volotea.teamtailor.com/jobs/7853752-b1-licensed-aircraft-engineer-bilbao
Unlicensed Mechanic - Bilbao	Volotea	Bilbao, Spain	maintenance	https://volotea.teamtailor.com/jobs/7838252-unlicensed-mechanic-bilbao
MCC Duty Engineer	Volotea	Barcelona, Spain	maintenance	https://volotea.teamtailor.com/jobs/7765626-mcc-duty-engineer
Logistics Projects Supervisor	Volotea	Barcelona, Spain	corporate	https://volotea.teamtailor.com/jobs/7676699-logistics-projects-supervisor
Manteinance Control Engineer (MCC)	Volotea	Barcelona, Spain	maintenance	https://volotea.teamtailor.com/jobs/7370400-manteinance-control-engineer-mcc
Supervisor Airport Services - Bangkok, Thailand	Emirates	Bangkok, Thailand	ground_operations	https://www.emiratesgroupcareers.com/search-and-apply/25150
Security Command Centre Manager - Emiratisation	Emirates	Dubai, United Arab Emirates	corporate	https://www.emiratesgroupcareers.com/search-and-apply/23647
Station Load Master - Hanoi, Vietnam	Emirates	Hanoi, Vietnam	ground_operations	https://www.emiratesgroupcareers.com/search-and-apply/25143
Manager dnata Operations | Emiratisation	Emirates	Dubai, United Arab Emirates	ground_operations	https://www.emiratesgroupcareers.com/search-and-apply/23440
Loadmaster - MIA	Emirates	Miami, United States	ground_operations	https://www.emiratesgroupcareers.com/search-and-apply/25124
Senior Cargo/Sales Reservation Agent - ORD	Emirates	Chicago, United States	ground_operations	https://www.emiratesgroupcareers.com/search-and-apply/25125
Cargo Assistant - Hong Kong	Emirates	Hong Kong, Hong Kong	ground_operations	https://www.emiratesgroupcareers.com/search-and-apply/25133
Security Manager, dnata Zanzibar	Emirates	Zanzibar, Tanzania	ground_operations	https://www.emiratesgroupcareers.com/search-and-apply/24987
Airport Services Manager - BOS	Emirates	Boston, United States	ground_operations	https://www.emiratesgroupcareers.com/search-and-apply/25084
Senior Airport Services Agent - Helsinki	Emirates	Helsinki, Finland	ground_operations	https://www.emiratesgroupcareers.com/search-and-apply/25051
Airport Services Manager - Helsinki	Emirates	Helsinki, Finland	ground_operations	https://www.emiratesgroupcareers.com/search-and-apply/25052
Supervisor Airport Services - Helsinki	Emirates	Helsinki, Finland	ground_operations	https://www.emiratesgroupcareers.com/search-and-apply/25053
Airport Services Officer - Helsinki	Emirates	Helsinki, Finland	ground_operations	https://www.emiratesgroupcareers.com/search-and-apply/25055
Cargo Operations Manager - UK	Emirates	London, United Kingdom	ground_operations	https://www.emiratesgroupcareers.com/search-and-apply/24926
Airport Services Officer - GIG	Emirates	Rio De Janeiro, Brazil	ground_operations	https://www.emiratesgroupcareers.com/search-and-apply/21786
Aeronautical Services Specialist	Emirates	Dubai, United Arab Emirates	operations_control	https://www.emiratesgroupcareers.com/search-and-apply/19930
Licensed Flight Dispatcher	Emirates	Dubai, United Arab Emirates	operations_control	https://www.emiratesgroupcareers.com/search-and-apply/23798
Synthetic Flight Examiner (Ground) Boeing	Emirates	Dubai, United Arab Emirates	operations_control	https://www.emiratesgroupcareers.com/search-and-apply/17552
Synthetic Flight Examiner (Ground) Airbus	Emirates	Dubai, United Arab Emirates	operations_control	https://www.emiratesgroupcareers.com/search-and-apply/19437
Synthetic Flight Instructor (Ground)- Boeing	Emirates	Dubai, United Arab Emirates	operations_control	https://www.emiratesgroupcareers.com/search-and-apply/17554
Synthetic Flight Instructor (Ground) - Airbus	Emirates	Dubai, United Arab Emirates	operations_control	https://www.emiratesgroupcareers.com/search-and-apply/17553
Flying Instructor - Emirates Flight Training Academy	Emirates	Dubai, United Arab Emirates	operations_control	https://www.emiratesgroupcareers.com/search-and-apply/21009
Flight Dispatcher Programme (UAE National Opportunities)	flydubai	United Arab Emirates	operations_control	https://careers.flydubai.com/pilots/uae-national-opportunities/flight-dispatcher-programme
Jahrespraktikum Ground Operations (80-100%, all genders)	Edelweiss	Kloten, Switzerland	ground_operations	https://apply.lufthansagroup.careers/index.php?ac=jobad&code=mY2ZeXnj8DTUOcbKDKuOPBUX%2BC6IKgtyoshpyb7ucFv7WiGerPpRy8IBtpAdKAlnMoxqnEjOW5ixWd%2FOw2bfF8s1bbcO2uLH
Flight Data Monitoring Analyst	Root Aviation	Middle East	operations_control	https://rootaviation.com/flight-data-monitoring-1
Documentation control specialist	Root Aviation	Middle East	corporate	https://rootaviation.com/documentation-control
Crew Planning Manager	Root Aviation	Middle East	crew_control	https://rootaviation.com/crew-planning-manager
Ground operations safety specialist	Root Aviation	Middle East	ground_operations	https://rootaviation.com/ground-safety-specialist
Security Officer	Root Aviation	Middle East	corporate	https://rootaviation.com/security-officer
Flight Dispatcher	Root Aviation	Middle East	operations_control	https://rootaviation.com/flight-dispatcher
Flight operations safety specialist	Root Aviation	Middle East	operations_control	https://rootaviation.com/flight-ops-safety
Auditor	Root Aviation	Middle East	corporate	https://rootaviation.com/lead-auditor
